-- phpMyAdmin SQL Dump
-- version 4.6.5.2
-- https://www.phpmyadmin.net/
--
-- Хост: 127.0.0.1:3306
-- Время создания: Май 05 2017 г., 18:26
-- Версия сервера: 5.6.34
-- Версия PHP: 7.1.0

SET SQL_MODE = "NO_AUTO_VALUE_ON_ZERO";
SET time_zone = "+00:00";


/*!40101 SET @OLD_CHARACTER_SET_CLIENT=@@CHARACTER_SET_CLIENT */;
/*!40101 SET @OLD_CHARACTER_SET_RESULTS=@@CHARACTER_SET_RESULTS */;
/*!40101 SET @OLD_COLLATION_CONNECTION=@@COLLATION_CONNECTION */;
/*!40101 SET NAMES utf8mb4 */;

--
-- База данных: `library`
--

-- --------------------------------------------------------

--
-- Структура таблицы `autor`
--

CREATE TABLE `autor` (
  `id` int(11) NOT NULL,
  `name` varchar(40) NOT NULL
) ENGINE=InnoDB DEFAULT CHARSET=utf8;

--
-- Дамп данных таблицы `autor`
--

INSERT INTO `autor` (`id`, `name`) VALUES
(1, 'Роберт М. Вегнер'),
(2, 'Анджей Сапковский'),
(3, 'Керстин Гир'),
(4, 'Вильям Кинг'),
(5, 'Шваб Виктория');

-- --------------------------------------------------------

--
-- Структура таблицы `book`
--

CREATE TABLE `book` (
  `id` int(11) NOT NULL,
  `id_autor` int(11) NOT NULL,
  `id_publishing_house` int(11) NOT NULL,
  `name` varchar(50) NOT NULL,
  `annotation` text NOT NULL,
  `image` varchar(50) NOT NULL,
  `number` varchar(13) NOT NULL,
  `status` tinyint(1) NOT NULL DEFAULT '0'
) ENGINE=InnoDB DEFAULT CHARSET=utf8;

--
-- Дамп данных таблицы `book`
--

INSERT INTO `book` (`id`, `id_autor`, `id_publishing_house`, `name`, `annotation`, `image`, `number`, `status`) VALUES
(1, 1, 3, 'Сказания Меекханского Пограничья. Север - Юг', 'Горная Стража - последний оплот Меекханской империи на её северных границах. Здесь, в узких долинах и заброшенных деревеньках всё ещё таится древнее зло. Но стражники не спасают мир. Они просто выполняют свою работу: охраняют мирных жителей от диких кочевников, от племён, подпавших под влияние дикой магии, от культов кровожадных богов. И Шестой роте приходится тяжелее прочих: раз за разом она попадает в жуткие, смертельно опасные ситуации - и за всем этим начинает проступать некая зловещая закономерность. \r\nА на юге Империи безрассудный купец нанимает в телохранители искусного воина по имени Иатех из таинственного племени иссаров, что всегда скрываются под маской - и безжалостно убивают любого, кто увидит их лица. Купец еще не знает, каким испытаниям подвергнет свою семью, и о том, что его решение положит начало событиям, которые поставят на кон судьбу всего Меекхана и приведут людей к противостоянию с богами.', '/img/meekchan.jpg', '4521569875236', 1),
(2, 2, 4, 'Сезон гроз', 'Прошло двадцать восемь лет с момента появления в свет рассказа \"Ведьмак\", пятнадцать лет - с тех пор, как была поставлена точка в последнем томе цикла. И вот - новый, неожиданный и долгожданный роман Анджея Сапковского СЕЗОН ГРОЗ. Не продолжение и не приквел о юном Геральте, но еще одна история о ведьмаке, история о его верном, взбалмошном друге Лютике, история о чародейке, знакомой нам по прежним книгам цикла... \r\nСЕЗОН ГРОЗ - книга, пронизанная молниями, громом, ветрами, магией и отблесками обнаженных мечей. Придворные интриги и древние тайны чародеев, новые диковинные твари и все те же чудовища в людском обличье, а также - фирменная ирония Сапковского, виртуозное переплетение сюжетных линий, неожиданный финал... \r\nВсе это - в новом романе от мастера польской фантастики! Впервые на русском! ', '/img/season.jpg', '1236526524598', 0),
(3, 3, 5, 'Таймлесс. Сапфировая книга', 'История Гвендолин и Гидеона становится все более запутанной: кто настоящий друг, кто враг, кто коварный предатель, кому можно доверять? Древнее пророчество не сулит им ничего хорошего! И дело даже не в интригах графа Сен Жермена…\r\nУ всех есть тайны, каждый хранит свои секреты, даже Гвендолин и Гидеон не доверяют друг другу, каждый ведет свою игру. Не слишком ли много тайн и секретов для одной девочки, а еще этот Гидеон, которые целует ее в церкви, а на следующий день холоден как лед. Но только он может спасти от смерти.', '/img/timeless.jpg', '2365245852365', 0),
(4, 4, 3, 'World of Warcraft. Иллидан', 'От издателя\r\nИллидан Ярость Бури. Великий чародей. Великий воин. Великий предатель. \r\nДесять тысяч лет, проведенных в тюрьме, когда лишь ненависть и жажда мести позволяют сохранить рассудок… И позволяют ли? \r\nДолгожданная свобода. Новый мир, новая армия, новые планы. Еще более амбициозные и непонятные для всех прочих. Что это - жажда реванша или стремление к безграничной власти? И какова будет цена победы? Ведь все больше врагов стягивают кольцо вокруг владыки Запределья, а от союзников в любой момент можно ждать удара в спину. Слишком многие хотят видеть Иллидана в цепях… или в могиле!', '/img/wow.jpg', '36325412', 0),
(5, 2, 1, 'Ведьмак (все романы в одном томе)', 'Одна из лучших фэнтези-саг за всю историю существования жанра.\r\nОригинальное, масштабное эпическое произведение, одновременно и свободное от влияния извне, и связанное с классической мифологической, легендарной и сказовой традицией.\r\nШедевр не только писательского мастерства Анджея Сапковского, но и переводческого искусства Евгения Павловича Вайсброта.\r\n\"Сага о Геральте\" - в одном томе.', '/img/wither.jpg', '3634457852145', 0),
(6, 5, 2, 'Темный оттенок магии. Книга 1', '\"Оттенки магии\" - захватывающая фэнтезийная сага современной американской писательницы Виктории Шваб, известной поклонникам жанра виртуозным умением создавать на страницах своих книг реалистичные параллельные миры. Действие \"Оттенков магии\" разворачивается сразу в четырех пространствах - на улицах грязного и скучного Серого Лондона, в процветающем Красном Лондоне, и в Белом Лондоне, где борьба за контроль над магией идет не на жизнь, а на смерть... А где-то есть и Черный Лондон, о котором давно никто не говорит. Роман о приключениях посланника между этими мирами, одного из последних странников Келла, чья судьба оказалась таинственным образом связана с обычной воровкой Делайлой Бард, поглощает внимание читателя с первой и до последней страницы.', '/img/dark-mage.jpg', '3625252545698', 0);

-- --------------------------------------------------------

--
-- Структура таблицы `booking`
--

CREATE TABLE `booking` (
  `id_book` int(11) NOT NULL,
  `id_user` int(11) NOT NULL,
  `begin` date NOT NULL,
  `end` date NOT NULL
) ENGINE=InnoDB DEFAULT CHARSET=utf8;

--
-- Дамп данных таблицы `booking`
--

INSERT INTO `booking` (`id_book`, `id_user`, `begin`, `end`) VALUES
(1, 3, '2017-05-04', '2017-05-05'),
(2, 3, '2017-05-04', '2017-05-05'),
(3, 3, '2017-05-05', '2017-05-05'),
(4, 4, '2017-05-05', '2017-05-05'),
(5, 3, '2017-05-04', '2017-05-05'),
(6, 2, '2017-05-05', '2017-05-05');

-- --------------------------------------------------------

--
-- Структура таблицы `publishing_house`
--

CREATE TABLE `publishing_house` (
  `id` int(11) NOT NULL,
  `name` varchar(40) NOT NULL
) ENGINE=InnoDB DEFAULT CHARSET=utf8;

--
-- Дамп данных таблицы `publishing_house`
--

INSERT INTO `publishing_house` (`id`, `name`) VALUES
(1, 'Астрель'),
(2, 'Росмэн'),
(3, 'АСТ'),
(4, 'Neoclassic'),
(5, 'Робинс');

-- --------------------------------------------------------

--
-- Структура таблицы `user`
--

CREATE TABLE `user` (
  `id` int(11) NOT NULL,
  `id_user_access` int(11) NOT NULL,
  `name` varchar(40) NOT NULL,
  `number` int(10) NOT NULL
) ENGINE=InnoDB DEFAULT CHARSET=utf8;

--
-- Дамп данных таблицы `user`
--

INSERT INTO `user` (`id`, `id_user_access`, `name`, `number`) VALUES
(1, 1, 'admin', 1111111111),
(2, 2, 'ivan', 1),
(3, 2, 'igor', 2),
(4, 2, 'victor', 3);

-- --------------------------------------------------------

--
-- Структура таблицы `user_access`
--

CREATE TABLE `user_access` (
  `id` int(11) NOT NULL,
  `name` varchar(15) NOT NULL
) ENGINE=InnoDB DEFAULT CHARSET=utf8;

--
-- Дамп данных таблицы `user_access`
--

INSERT INTO `user_access` (`id`, `name`) VALUES
(1, 'administrator'),
(2, 'other');

--
-- Индексы сохранённых таблиц
--

--
-- Индексы таблицы `autor`
--
ALTER TABLE `autor`
  ADD PRIMARY KEY (`id`);

--
-- Индексы таблицы `book`
--
ALTER TABLE `book`
  ADD PRIMARY KEY (`id`);

--
-- Индексы таблицы `booking`
--
ALTER TABLE `booking`
  ADD PRIMARY KEY (`id_book`),
  ADD UNIQUE KEY `id_book` (`id_book`);

--
-- Индексы таблицы `publishing_house`
--
ALTER TABLE `publishing_house`
  ADD PRIMARY KEY (`id`);

--
-- Индексы таблицы `user`
--
ALTER TABLE `user`
  ADD PRIMARY KEY (`id`),
  ADD UNIQUE KEY `user_number` (`number`);

--
-- Индексы таблицы `user_access`
--
ALTER TABLE `user_access`
  ADD PRIMARY KEY (`id`);

--
-- AUTO_INCREMENT для сохранённых таблиц
--

--
-- AUTO_INCREMENT для таблицы `autor`
--
ALTER TABLE `autor`
  MODIFY `id` int(11) NOT NULL AUTO_INCREMENT, AUTO_INCREMENT=6;
--
-- AUTO_INCREMENT для таблицы `book`
--
ALTER TABLE `book`
  MODIFY `id` int(11) NOT NULL AUTO_INCREMENT, AUTO_INCREMENT=7;
--
-- AUTO_INCREMENT для таблицы `publishing_house`
--
ALTER TABLE `publishing_house`
  MODIFY `id` int(11) NOT NULL AUTO_INCREMENT, AUTO_INCREMENT=6;
--
-- AUTO_INCREMENT для таблицы `user`
--
ALTER TABLE `user`
  MODIFY `id` int(11) NOT NULL AUTO_INCREMENT, AUTO_INCREMENT=5;
--
-- AUTO_INCREMENT для таблицы `user_access`
--
ALTER TABLE `user_access`
  MODIFY `id` int(11) NOT NULL AUTO_INCREMENT, AUTO_INCREMENT=3;
/*!40101 SET CHARACTER_SET_CLIENT=@OLD_CHARACTER_SET_CLIENT */;
/*!40101 SET CHARACTER_SET_RESULTS=@OLD_CHARACTER_SET_RESULTS */;
/*!40101 SET COLLATION_CONNECTION=@OLD_COLLATION_CONNECTION */;
